insta_pic_date,insta_pic_link,left,centre,right,holy_order
"May 19, 2021",https://www.instagram.com/p/CPDqngVp2MG/?hl=en,naomi,katie,josette,y
"August 30, 2021",https://www.instagram.com/p/CTNGaKJrJy9/?hl=en&img_index=2,na ,na ,na ,na
"September 1, 2021",https://www.instagram.com/p/CTSPV3-L-M2/?hl=en,naomi,katie,josette,y
"September 2, 2021",https://www.instagram.com/p/CTU0B5lrx6f/?hl=en,na ,na ,na ,na
"September 6, 2021",https://www.instagram.com/p/CTfJe-WgfpW/?hl=en,na ,na ,na ,na
"September 7, 2021",https://www.instagram.com/p/CThzhbuLMnM/?hl=en&img_index=2,na ,na ,na ,na
"September 8, 2021",https://www.instagram.com/p/CTkOqpbroin/?hl=en&img_index=2,na ,na ,na ,na
"September 9, 2021",https://www.instagram.com/p/CTkOqpbroin/?hl=en&img_index=3 ,josette,katie,naomi,n 
"September 13, 2021",https://www.instagram.com/p/CTw6cfVg7ub/?hl=en ,na ,na ,na ,na
"September 17, 2021",https://www.instagram.com/p/CT7smk4psP2/?hl=en ,na ,na ,na ,na
"September 18, 2021",https://www.instagram.com/p/CT-DT_yLx2o/?hl=en&img_index=7,naomi,katie,josette,y
"September 24, 2021",https://www.instagram.com/p/CUNclmlL2pE/?hl=en ,katie,josette,naomi,n
"September 26, 2021",https://www.instagram.com/p/CUTCCNvJ1BP/?hl=en&img_index=5,na ,na ,na ,na
"September 27, 2021",https://www.instagram.com/p/CUVRVkYp4xy/?hl=en&img_index=3,naomi,katie,josette,y
"September 28, 2021",https://www.instagram.com/p/CUX0cDap3oH/?hl=en&img_index=5,josette,katie,naomi,n
"October 5, 2021",https://www.instagram.com/p/CUpySwsJJD_/?hl=en,na ,na ,na ,na
"October 10, 2021",https://www.instagram.com/p/CU2wn7ipZVF/?hl=en,na ,na ,na ,na
"October 14, 2021",https://www.instagram.com/p/CVBaiLZpInZ/?hl=en&img_index=3,josette,naomi,katie,n
"November 9, 2021",https://www.instagram.com/p/CWEaeCRBEjB/?hl=en&img_index=4,katie,josette,naomi,n
"November 9, 2021",https://www.instagram.com/p/CWEaeCRBEjB/?hl=en&img_index=2,naomi,katie,josette,y
"November 10, 2021",https://www.instagram.com/p/CWEaeCRBEjB/?hl=en&img_index=5,katie,josette,naomi,n
"November 10, 2021",https://www.instagram.com/p/CWGYAippUOP/?hl=en&img_index=5,na ,na ,na ,na
"November 12, 2021",https://www.instagram.com/p/CWLiIyPJToz/?hl=en,naomi,katie,josette,y
"December 15, 2021",https://www.instagram.com/p/CXhCFfGptea/?hl=en&img_index=3,na ,na ,na ,na
"December 30, 2021",https://www.instagram.com/p/CYHdNWaJfF3/?hl=en&img_index=2,na ,na ,na ,na
"December 31, 2021",https://www.instagram.com/p/CYKH9lLpB7p/?hl=en&img_index=2,na ,na ,na ,na
"January 6, 2022",https://www.instagram.com/p/CYZfJzWJuBj/?hl=en&img_index=3,na ,na ,na ,na
"January 13, 2022",https://www.instagram.com/p/CYrMVNKLCzn/?hl=en,na,na,na,na
"January 19, 2022",https://www.instagram.com/p/CY6nGBaqrJT/?hl=en,na,na,na,na
"January 23, 2022",https://www.instagram.com/p/CZFOJr4pv9k/?hl=en&img_index=3,josette,katie,naomi,n
"January 24, 2022",https://www.instagram.com/p/CZFOJr4pv9k/?hl=en&img_index=2,naomi,josette,katie,n
"January 26, 2022",https://www.instagram.com/p/CZM2W84pqRR/?hl=en&img_index=2,josette,katie,naomi,y
"January 27, 2022",https://www.instagram.com/p/CZPdkZupswY/?hl=en&img_index=4,katie,naomi,josette,n
"January 28, 2022",https://www.instagram.com/p/CZPdkZupswY/?hl=en&img_index=5 ,naomi,katie,josette,n
"January 29, 2022",https://www.instagram.com/p/CZU11T-pOAA/?hl=en&img_index=3,na,na,na,na
"February 5, 2022",https://www.instagram.com/p/CZm3JhwJhSR/?hl=en&img_index=3,josette,katie,naomi,n
"February 7, 2022",https://www.instagram.com/p/CZr20G8pPKK/?hl=en&img_index=2,katie,josette,naomi,n
"February 7, 2022",https://www.instagram.com/p/CZr20G8pPKK/?hl=en&img_index=2,naomi,josette,katie,y
"February 9, 2022",https://www.instagram.com/p/CZxECDwJslt/?hl=en,naomi,katie,josette,y
"February 10, 2022",https://www.instagram.com/p/CZzeeLXJKv1/?hl=en,na,na,na,na
"February 14, 2022",https://www.instagram.com/p/CZ941Clp6kt/?hl=en&img_index=2,na,na,na,na
"February 16, 2022",https://www.instagram.com/p/CaDZs1dpRyr/?hl=en&img_index=3,na,na,na,na
"February 19, 2022",https://www.instagram.com/p/CaK8Di6PAUH/?hl=en&img_index=2,na,na,na,na
"February 26, 2022",https://www.instagram.com/p/Cac7kp5PPYV/?hl=en&img_index=2,na,na,na,na
"March 10, 2022",https://www.instagram.com/p/Ca7ljDcp7SI/?hl=en,na,na,na,na
"March 11, 2022",https://www.instagram.com/p/Ca-Dis8g7KT/?hl=en,naomi,katie,josette,y
"March 14, 2022",https://www.instagram.com/p/CbF7CjipHvx/?hl=en,na,na,na,na
"March 15, 2022",https://www.instagram.com/p/CbIW57ULzXh/?hl=en&img_index=7,na,na,na,na
"March 16, 2022",https://www.instagram.com/p/CbK0zrjLIlY/?hl=en,na,na,na,na
"March 17, 2022",https://www.instagram.com/p/CbNdJtGLMF9/?hl=en&img_index=7,na,na,na,na
"March 17, 2022",https://www.instagram.com/p/CbN7PMHpYTW/?hl=en,na,na,na,na
"March 18, 2022",https://www.instagram.com/p/CbP2zQALyEQ/?hl=en,naomi,katie,josette,y
"March 22, 2022",https://www.instagram.com/p/CbaKIR6r_I7/?hl=en&img_index=5,katie,josette,naomi,n
"March 30, 2022",https://www.instagram.com/p/CbvBWrdLAsE/?hl=en,naomi,josette,katie,n
"April 6, 2022",https://www.instagram.com/p/CcA9DaWLSzi/?hl=en&img_index=7,katie,josette,naomi,n
"April 7, 2022",https://www.instagram.com/p/CcA9DaWLSzi/?hl=en&img_index=8 ,katie,naomi,josette,n
"April 18, 2022",https://www.instagram.com/p/CcgoHkeg2Xz/?hl=en,naomi,katie,josette,y
"April 25, 2022",https://www.instagram.com/p/CcyGVIhJF_X/?hl=en&img_index=2,naomi,katie,josette,y
"April 27, 2022",https://www.instagram.com/p/Cc3D2CBgKd7/?hl=en,na,na,na,na
"April 28, 2022",https://www.instagram.com/p/Cc5bHaIg0XR/?hl=en,na,na,na,na
"April 29, 2022",https://www.instagram.com/p/Cc8alhlOCJX/?hl=en&img_index=2,naomi,katie,josette,y
"April 29, 2022",https://www.instagram.com/p/Cc8alhlOCJX/?hl=en&img_index=3,naomi,katie,josette,y
"April 29, 2022",https://www.instagram.com/p/Cc8alhlOCJX/?hl=en&img_index=4,naomi,katie,josette,y
"May 6, 2022",https://www.instagram.com/p/CdOXOIBuMfX/?hl=en&img_index=10,josette,katie,naomi,n
"May 9, 2022",https://www.instagram.com/p/CdVPcPLuork/?hl=en,na,na,na,na
"May 12, 2022",https://www.instagram.com/p/CdeCDsELOFj/?hl=en,naomi,josette,katie,n
"May 13, 2022",https://www.instagram.com/p/CdgPkMXtk-x/?hl=en&img_index=2,na,na,na,na
"May 17, 2022",https://www.instagram.com/p/CdqR_Cksm0U/?hl=en,josette,katie,naomi,n
"May 19, 2022",https://www.instagram.com/p/Cdv-e6spvHq/?hl=en,naomi,katie,josette,y
"May 21, 2022",https://www.instagram.com/p/Cd02HdFrqRg/?hl=en,katie,naomi,josette,n
"May 24, 2022",https://www.instagram.com/p/Cd8c6BxARWg/?hl=en,naomi,josette,katie,n
"May 25, 2022",https://www.instagram.com/p/Cd-9weRgFM7/?hl=en&img_index=1,naomi,katie,josette,y
"June 6, 2022",https://www.instagram.com/p/CeeLYHEunZi/?hl=en,naomi,katie,josette,y
"June 7, 2022",https://www.instagram.com/p/Ceg-RBxu1bI/?hl=en,naomi,josette,katie,n
"June 11, 2022",https://www.instagram.com/p/CerKI8MA3NP/?hl=en,naomi,katie,josette,y
"June 14, 2022",https://www.instagram.com/p/CeyorStgQ_H/?hl=en&img_index=2,naomi,katie,josette,y
"June 14, 2022",https://www.instagram.com/p/CeyorStgQ_H/?hl=en&img_index=3,naomi,katie,josette,y
"June 15, 2022",https://www.instagram.com/p/Ce1QwG7L3b0/?hl=en,josette,katie,naomi,n
"June 21, 2022",https://www.instagram.com/p/CfEs5bLg2II/?hl=en,na,na,na,na
"June 22, 2022",https://www.instagram.com/p/CfHGYTJAj45/?hl=en&img_index=2,na,na,na,na
"June 23, 2022",https://www.instagram.com/p/CfJqREEl6wW/ ,na,na,na,na
"June 24, 2022",https://www.instagram.com/p/CfMLkUAAitS/ ,na,na,na,na
"June 25, 2022",https://www.instagram.com/p/CfPQwXCpjgr/?img_index=1,naomi,josette,katie,n
"June 25, 2022",https://www.instagram.com/p/CfPQwXCpjgr/?img_index=2,naomi,katie,josette,y
"June 26, 2022",https://www.instagram.com/p/CfSK42QAVzQ/ ,naomi,katie,josette,y
"June 27, 2022",https://www.instagram.com/p/CfUQqKTJBNH/?img_index=3 ,na,na,na,na
"June 28, 2022",https://www.instagram.com/p/CfXPa1ZvxYB/?img_index=2 ,naomi,josette,katie,n
"June 29, 2022",https://www.instagram.com/p/CfZc3C6pWpj/?img_index=2 ,josette,katie,naomi,n
"June 29, 2022",https://www.instagram.com/p/CfZc3C6pWpj/?img_index=3,josette,naomi,katie,n
"July 1, 2022",https://www.instagram.com/p/CfexHLtgCl0/?img_index=2 ,naomi,katie,josette,y
"July 1, 2022",https://www.instagram.com/p/CfexHLtgCl0/?img_index=3,naomi,katie,josette,y
"July 3, 2022",https://www.instagram.com/p/Cfj31aavina/?img_index=1,naomi,katie,josette,y
"July 4, 2022",https://www.instagram.com/p/CfmV1-Ap-o6/?img_index=4 ,katie,josette,naomi,n
"July 6, 2022",https://www.instagram.com/p/CfqvYnPukl5/,na,na,na,na
"July 7, 2022",https://www.instagram.com/p/CfuBmEupbMX/?img_index=1 ,naomi,josette,katie,n
"July 7, 2022",https://www.instagram.com/p/CfuBmEupbMX/?img_index=2,josette,naomi,katie,n
"July 10, 2022",https://www.instagram.com/p/Cf1xarPpT32/?img_index=3 ,naomi,josette,katie,n
"July 25, 2022",https://www.instagram.com/p/CgcUWZggtLP/?img_index=6 ,naomi,josette,katie,n
"July 30, 2022",https://www.instagram.com/p/CgpNaPCLhow/,katie,naomi,josette,n
"August 2, 2022",https://www.instagram.com/p/Cgw1kPMOOse/,na,na,na,na
"August 3, 2022",https://www.instagram.com/p/Cgz0GQ2p4Mm/?img_index=6,katie,naomi,josette,n
"August 3, 2022",https://www.instagram.com/p/Cgz0GQ2p4Mm/?img_index=6,naomi,katie,josette,y
"August 4, 2022",https://www.instagram.com/p/Cg2Dk99rTPv/?img_index=2,na,na,na,na
"August 5, 2022",https://www.instagram.com/p/Cg4ltDhLFSN/?img_index=3 ,na,na,na,na
"August 6, 2022",https://www.instagram.com/p/Cg7YXLuJNdH/?img_index=3,na,na,na,na
"August 8, 2022",https://www.instagram.com/p/ChA3psDpbDm/?img_index=3 ,naomi,katie,josette,y
"August 11, 2022",https://www.instagram.com/p/ChIlez7JIkn/?img_index=2,na,na,na,na
"August 12, 2022",https://www.instagram.com/p/ChKtBzMp9-I/?img_index=1,naomi,katie,josette,y
"August 13, 2022",https://www.instagram.com/p/ChNdoWrPtOR/,josette,naomi,katie,n
"August 30, 2022",https://www.instagram.com/p/Ch5AbjRoQde/?img_index=1 ,naomi,josette,katie,n
"September 1, 2022",https://www.instagram.com/p/Ch-GNc_MFgx/?img_index=2 ,naomi,katie,josette,y
"September 7, 2022",https://www.instagram.com/p/CiN6HSqPNRP/ ,josette,katie,naomi,n
"September 16, 2022",https://www.instagram.com/p/Cik9a2IJ6Ao/,josette,katie,naomi,n
"September 24, 2022",https://www.instagram.com/p/Ci5Z-gmJxiJ/ ,naomi,katie,josette,y
"September 25, 2022",https://www.instagram.com/p/Ci8CRulpBSQ/ ,katie,josette,naomi,n
"September 26, 2022",https://www.instagram.com/p/Ci_EaUYJlx1/?img_index=2,na,na,na,na
"September 27, 2022",https://www.instagram.com/p/CjA_jTBJlbU/?img_index=2 ,na,na,na,na
"September 28, 2022",https://www.instagram.com/p/CjDvf29Lae2/,naomi,katie,josette,y
"September 30, 2022",https://www.instagram.com/p/CjI2l16LANM/?img_index=3,naomi,katie,josette,y
"October 2, 2022",https://www.instagram.com/p/CjN_mtqp0nf/,naomi,josette,katie,n
"October 4, 2022",https://www.instagram.com/p/CjTLN0npYlQ/?img_index=3 ,na,na,na,na
"October 6, 2022",https://www.instagram.com/p/CjYjm5kAsl6/?img_index=2,katie,naomi,josette,n
"October 12, 2022",https://www.instagram.com/p/CjncImkg4Q2/ ,naomi,katie,josette,y
"October 13, 2022",https://www.instagram.com/p/Cjq1hKJvCbx/?img_index=1 ,naomi,katie,josette,y
"October 14, 2022",https://www.instagram.com/p/Cjs9gFgpmmq/,na,na,na,na
"October 17, 2022",https://www.instagram.com/p/Cj0v4h3JCou/,na,na,na,na
"October 19, 2022",https://www.instagram.com/p/Cj6GdQ3SUAu/?img_index=6,naomi,josette,katie,n
"October 22, 2022",https://www.instagram.com/p/CkCORQavmMw/,na,na,na,na
"October 23, 2022",https://www.instagram.com/p/CkEXlxCSb-w/?img_index=5,na,na,na,na
"October 24, 2022",https://www.instagram.com/p/CkHJ134yOOS/?img_index=3,na,na,na,na
"October 25, 2022",https://www.instagram.com/p/CkJ9J-uPL1m/,na,na,na,na
"October 26, 2022",https://www.instagram.com/p/CkMA6IwvNM6/?img_index=3,na,na,na,na
"October 27, 2022",https://www.instagram.com/p/CkOk5Nbv5YA/?img_index=3,naomi,katie,josette,y
"November 1, 2022",https://www.instagram.com/p/Ckazp8Eg0wl/,na,na,na,na
"November 2, 2022",https://www.instagram.com/p/CkeNsF0AN7u/,na,na,na,na
"November 3, 2022",https://www.instagram.com/p/CkgXLlcuOp3/?img_index=4,naomi,katie,josette,y
"November 6, 2022",https://www.instagram.com/p/CkoTq9fSwpi/,na,na,na,na
"November 10, 2022",https://www.instagram.com/p/CkyOZ1BL7xY/,josette,katie,naomi,n
"November 13, 2022",https://www.instagram.com/p/Ck6EOLGN2Wj/,na,na,na,na
"November 23, 2022",https://www.instagram.com/p/ClTvQlip439/?img_index=5,na,na,na,na
"November 25, 2022",https://www.instagram.com/p/ClY_QtFptsJ/,naomi,josette,katie,n
"November 28, 2022",https://www.instagram.com/p/ClhLrNRy9BE/?img_index=3,josette,katie,naomi,n
"December 1, 2022",https://www.instagram.com/p/Clo9UrNpCZ-/,na,na,na,na
"December 9, 2022",https://www.instagram.com/p/Cl9IArMgoUm/,na,na,na,na
"December 10, 2022",https://www.instagram.com/p/CmAOZ88ylce/?img_index=2,josette,katie,naomi,n
"December 10, 2022",https://www.instagram.com/p/CmAOZ88ylce/?img_index=3,naomi,josette,katie,n
"December 30, 2022",https://www.instagram.com/p/CmzQjJHpF0n/?img_index=8,na,na,na,na
"December 31, 2022",https://www.instagram.com/p/Cm19aXlJ9uy/?img_index=3,na,na,na,na
"January 2, 2023",https://www.instagram.com/p/Cm7imDOyM7U/?img_index=5,na,na,na,na
"January 6, 2023",https://www.instagram.com/p/CnFT2uVP1sc/?img_index=2,na,na,na,na
"January 10, 2023",https://www.instagram.com/p/CnPnJkVusBd/,na,na,na,na
"January 13, 2023",https://www.instagram.com/p/CnXEv9tuPy5/?img_index=8 ,josette,katie,naomi,n
"February 4, 2023",https://www.instagram.com/p/CoQFCnpPzJr/?img_index=4,josette,katie,naomi,n
"February 4, 2023",https://www.instagram.com/p/CoQFCnpPzJr/?img_index=5,naomi,katie,josette,y
"February 7, 2023",https://www.instagram.com/p/CoXm3vlpk64/?img_index=2,na,na,na,na
"February 8, 2023",https://www.instagram.com/p/CoaHH5Iu3J6/,na,na,na,na
"February 26, 2023",https://www.instagram.com/p/CpIwa3jPFOV/?img_index=5,na,na,na,na
"March 5, 2023",https://www.instagram.com/p/CpbRfQuvutM/?img_index=5,josette,katie,naomi,n
"March 7, 2023",https://www.instagram.com/p/CpgxG2Uyz74/,josette,katie,naomi,n
"March 13, 2023",https://www.instagram.com/p/Cpv0x3pPJtR/?img_index=8,na,na,na,na
"March 23, 2023",https://www.instagram.com/p/CqJfcd7Nhgs/,na,na,na,na
"March 29, 2023",https://www.instagram.com/p/CqYYOgfJ9Vx/?img_index=8,naomi,katie,josette,y
"April 1, 2023",https://www.instagram.com/p/CqgBT6cJ1f1/?img_index=4,katie,naomi,josette,n
"April 7, 2023",https://www.instagram.com/p/Cqvlg0ZpXJV/?img_index=4,naomi,josette,katie,n
"April 11, 2023",https://www.instagram.com/p/Cq6Cy8nP5gl/,josette,katie,naomi,n
"April 14, 2023",https://www.instagram.com/p/CrCryyLL-l5/?img_index=5,naomi,josette,katie,n
"April 14, 2023",https://www.instagram.com/p/CrBjOB6Lbzn/,naomi,katie,josette,y
"April 14, 2023",https://www.instagram.com/p/CrCryyLL-l5/?img_index=6,naomi,katie,josette,y
"April 15, 2023",https://www.instagram.com/p/CrEURHMvQei/?img_index=3,naomi,katie,josette,y
"April 17, 2023",https://www.instagram.com/p/CrJSX2KgjSw/,na,na,na,na
"April 18, 2023",https://www.instagram.com/p/CrL274OJS0E/,naomi,katie,josette,y
"April 19, 2023",https://www.instagram.com/p/CrOZuzeJTt0/?img_index=3,katie,josette,naomi,n
"April 20, 2023",https://www.instagram.com/p/CrRGsPOJeYk/,na,na,na,na
"April 21, 2023",https://www.instagram.com/p/CrT2zHCvb4I/?img_index=5,na,na,na,na
"April 23, 2023",https://www.instagram.com/p/CrY_Vmopy4M/?img_index=5,josette,katie,naomi,n
"April 24, 2023",https://www.instagram.com/p/CrbSnmqJC5F/?img_index=3,naomi,katie,josette,y
"April 25, 2023",https://www.instagram.com/p/CreO5vSASg1/?img_index=9,josette,katie,naomi,n
"April 28, 2023",https://www.instagram.com/p/Crle8ssrLIH/?img_index=8,naomi,katie,josette,y
"April 29, 2023",https://www.instagram.com/p/CroMx-OJGAQ/?img_index=6,naomi,katie,josette,y
"April 30, 2023",https://www.instagram.com/p/Crqlng7pn1k/?img_index=9,na,na,na,na
"May 1, 2023",https://www.instagram.com/p/CrtVPy8JI5F/?img_index=7,naomi,katie,josette,y
"May 3, 2023",https://www.instagram.com/p/CryYslQrzsE/,naomi,katie,josette,y
"May 4, 2023",https://www.instagram.com/p/Cr1U3X6OwcX/?img_index=5,naomi,katie,josette,y
"May 6, 2023",https://www.instagram.com/p/Cr6K44hpmTI/?img_index=5,na,na,na,na
"May 8, 2023",https://www.instagram.com/p/Cr_VZP8Jynv/?img_index=10,na,na,na,na
"May 9, 2023",https://www.instagram.com/p/CsCGg6npLaa/?img_index=10,naomi,josette,katie,n
"May 10, 2023",https://www.instagram.com/p/CsEXs5FpOqr/?img_index=8,josette,katie,naomi,n
"May 10, 2023",https://www.instagram.com/p/CsEvc7JAlX6/,na,na,na,na
"May 11, 2023",https://www.instagram.com/p/CsHSi6Dp9ZI/?img_index=8,josette,katie,naomi,n
"May 13, 2023",https://www.instagram.com/p/CsLyNh5Aa0y/,josette,naomi,katie,n
"May 13, 2023",https://www.instagram.com/p/CsMQrzvpjEZ/?img_index=8,naomi,katie,josette,y
"May 15, 2023",https://www.instagram.com/p/CsRhYZ5JvXO/?img_index=9,na,na,na,na
"May 16, 2023",https://www.instagram.com/p/CsTxOCwLeli/?img_index=2,josette,katie,naomi,n
"May 17, 2023",https://www.instagram.com/p/CsWpAgypDNW/?img_index=2,na,na,na,na
"May 19, 2023",https://www.instagram.com/p/CscFwUZJRry/?img_index=10,naomi,katie,josette,y
"May 23, 2023",https://www.instagram.com/p/CsmMphgP9yo/?img_index=1,naomi,katie,josette,y
"June 2, 2023",https://www.instagram.com/p/Cs_x5vBprOt/?img_index=9,na,na,na,na
"June 3, 2023",https://www.instagram.com/p/CtCXh3eJwFP/?img_index=5,naomi,katie,josette,y
"June 6, 2023",https://www.instagram.com/p/CtJ3W-wIPMZ/?img_index=5,naomi,josette,katie,n
"June 6, 2023",https://www.instagram.com/p/CtJ3W-wIPMZ/?img_index=6,naomi,josette,katie,n
"June 7, 2023",https://www.instagram.com/p/CtMYtEDrf2l/,katie,josette,naomi,n
"June 8, 2023",https://www.instagram.com/p/CtPSL_Np4dv/?img_index=10,josette,katie,naomi,n
"June 9, 2023",https://www.instagram.com/p/CtR9P_byDQY/?img_index=6,na,na,na,na
"June 13, 2023",https://www.instagram.com/p/CtcCT9PJU_T/,na,na,na,na
"June 16, 2023",https://www.instagram.com/p/CtjxmkPLkb3/,katie,josette,naomi,n
"June 16, 2023",https://www.instagram.com/p/CtkGO0vp-Oz/,na,na,na,na
"June 18, 2023",https://www.instagram.com/p/CtoxIZCOjIt/?img_index=6,na,na,na,na
"June 19, 2023",https://www.instagram.com/p/CtrhBcpJoN_/,na,na,na,na
"June 19, 2023",https://www.instagram.com/p/CtrrOjfPsss/?img_index=7,naomi,katie,josette,y
"June 21, 2023",https://www.instagram.com/p/CtwpWbnpwLc/,naomi,katie,josette,y
"June 22, 2023",https://www.instagram.com/p/CtzmsA6pDrZ/,naomi,katie,josette,y
"June 23, 2023",https://www.instagram.com/p/Ct1n62vLunp/?img_index=2,naomi,katie,josette,y
"June 24, 2023",https://www.instagram.com/p/Ct4gyh_JNWu/?img_index=9,na,na,na,na
"June 26, 2023",https://www.instagram.com/p/Ct9s6d-v8Lx/?img_index=10,katie,josette,naomi,n
"July 1, 2023",https://www.instagram.com/p/CuKJE7VLZZQ/,josette,katie,naomi,n
"July 2, 2023",https://www.instagram.com/p/CuMkHB3uyNE/?img_index=3,na,na,na,na
"July 7, 2023",https://www.instagram.com/p/CuZk1tBr-8q/,naomi,josette,katie,n
"July 8, 2023",https://www.instagram.com/p/CucfqhaJcU9/,josette,katie,naomi,n
"July 9, 2023",https://www.instagram.com/p/Cue78JEr4e4/?img_index=6,naomi,katie,josette,y
"July 11, 2023",https://www.instagram.com/p/CukDbN7L5Lv/,na,na,na,na
"July 15, 2023",https://www.instagram.com/p/CuugKj5JJ6c/,josette,katie,naomi,n
"July 16, 2023",https://www.instagram.com/p/CuxNw6rpHWP/?img_index=7,na,na,na,na
"July 19, 2023",https://www.instagram.com/p/Cu4xQ0xp2A2/?img_index=10,na,na,na,na
"August 11, 2023",https://www.instagram.com/p/Cv0M417Is8L/,na,na,na,na
"August 12, 2023",https://www.instagram.com/p/Cv2gHmOIMea/,na,na,na,na
"August 13, 2023",https://www.instagram.com/p/Cv4q0tiIONw/?img_index=2,naomi,josette,katie,n
"August 13, 2023",https://www.instagram.com/p/Cv4q0tiIONw/?img_index=3,naomi,katie,josette,y
"August 15, 2023",https://www.instagram.com/p/Cv95ahlruIM/?img_index=4,katie,naomi,josette,n
"August 16, 2023",https://www.instagram.com/p/CwAaFHhLr2h/?img_index=8,katie,josette,naomi,n
"August 19, 2023",https://www.instagram.com/p/CwIQMlbNERo/,na,na,na,na
"August 22, 2023",https://www.instagram.com/p/CwPkqMfOuh_/?img_index=9,naomi,katie,josette,y
"August 23, 2023",https://www.instagram.com/p/CwS2yqaNkt_/?img_index=6 ,na ,na ,na ,na
"August 25, 2023",https://www.instagram.com/p/CwXI9OwtHiz/?img_index=4 ,naomi,katie,josette,y
"August 26, 2023",https://www.instagram.com/p/CwaSxcyu4g8/ ,josette,katie,naomi,n 
"August 30, 2023",https://www.instagram.com/p/Cwk9jHxt0M4/?img_index=4,na ,na ,na ,na
"September 1, 2023",https://www.instagram.com/p/Cwp52VRrlKh/?img_index=3 ,na ,na ,na ,na
"September 8, 2023",https://www.instagram.com/p/Cw73fSALVD4/?img_index=2,naomi,katie,josette,y
"September 12, 2023",https://www.instagram.com/p/CxGroiUy7gF/?img_index=2 ,na ,na ,na ,na
"October 2, 2023",https://www.instagram.com/p/Cx56JSwJKzA/  ,naomi,josette,katie,n
"October 3, 2023",https://www.instagram.com/p/Cx8bjp7rdvy/?img_index=4,josette,katie,naomi,n 
"October 3, 2023",https://www.instagram.com/p/Cx8bjp7rdvy/?img_index=3 ,naomi,katie,josette,y
"October 4, 2023",https://www.instagram.com/p/Cx_KkbXpPWy/?img_index=2 ,naomi,katie,josette,y
"October 5, 2023",https://www.instagram.com/p/CyB7wYjJH_9/?img_index=3,naomi,katie,josette,y
"October 10, 2023",https://www.instagram.com/p/CyOo_8LP6Cv/?img_index=11,josette,naomi,katie,n
"October 10, 2023",https://www.instagram.com/p/CyOo_8LP6Cv/?img_index=10,katie,naomi,josette,n 
"October 13, 2023",https://www.instagram.com/p/CyWYpFhviTL/?img_index=6 ,josette,katie,naomi,n 
"October 13, 2023",https://www.instagram.com/p/CyWYpFhviTL/?img_index=7,naomi,katie,josette,y
"October 15, 2023",https://www.instagram.com/p/CybsbeDy1V2/?img_index=1 ,josette,naomi,katie,n
"October 15, 2023",https://www.instagram.com/p/CybsbeDy1V2/?img_index=2,naomi,josette,katie,n
"October 15, 2023",https://www.instagram.com/p/CybsbeDy1V2/?img_index=3,josette,naomi,katie,n
"October 24, 2023",https://www.instagram.com/p/CyyhOf_JIDm/?img_index=2 ,naomi,katie,josette,y
"October 27, 2023",https://www.instagram.com/p/Cy6W8ggJgqg/?img_index=1 ,naomi,katie,josette,y
"November 16, 2023",https://www.instagram.com/p/CztyJlzp7R0/?img_index=8 ,naomi,katie,josette,y
"November 20, 2023",https://www.instagram.com/p/Cz4JP0eJEJP/?img_index=3 ,na ,na ,na ,na
"30 November, 2023",https://www.instagram.com/p/C0R0jj0JDKu/ ,naomi,katie,josette,y
"1 December, 2023",https://www.instagram.com/p/C0UW5T9IQ1n/?img_index=3 ,na ,na ,na ,na
"2 December, 2023",https://www.instagram.com/p/C0W_nBKJODw/ ,josette,katie,naomi,n 
"17 December, 2023",https://www.instagram.com/p/C09l2UVpnzr/ ,naomi,katie,josette,y
"30 December, 2023",https://www.instagram.com/p/C1f4wlrJriu/?img_index=1 ,na ,na ,na ,na
"31 December, 2023",https://www.instagram.com/p/C1iHy2KS_wK/?hl=en&img_index=5,josette,katie,naomi,n 
"31 December, 2023",https://www.instagram.com/p/C1iHy2KS_wK/?hl=en&img_index=6,josette,katie,naomi,n 
"6 January, 2024",https://www.instagram.com/p/C1xMRP3pwvD/?hl=en&img_index=3,na ,na ,na ,na
"19 January, 2024",https://www.instagram.com/p/C2S2C3bxLf3/?hl=en,na ,na ,na ,na
"24 January, 2024",https://www.instagram.com/p/C2fmLCpv6ap/?hl=en,na ,na ,na ,na
"2 February, 2024",https://www.instagram.com/p/C22vxGKpUWP/?hl=en&img_index=2,naomi,katie,josette,y
"4 February, 2024",https://www.instagram.com/p/C28BEZEvn3y/?hl=en&img_index=8,josette,katie,naomi,n 
"7 February, 2024",https://www.instagram.com/p/C3Db8b6J0bj/?hl=en,naomi,katie,josette,y
"14 February, 2024",https://www.instagram.com/p/C3VeUcjJAzu/?hl=en,na ,na ,na ,na
"26 February, 2024",https://www.instagram.com/p/C30a_PkpEJQ/?hl=en&img_index=8,na ,na ,na ,na
"11 March, 2024",https://www.instagram.com/p/C4YdNR9JJYY/?hl=en,josette,naomi,katie,n
"12 March, 2024",https://www.instagram.com/p/C4bImWJJlUA/?hl=en&img_index=3,naomi,katie,josette,y
"27 March, 2024",https://www.instagram.com/p/C5BhNyopzpW/?hl=en&img_index=3,na ,na ,na ,na
"12 April, 2024",https://www.instagram.com/p/C5rGPINyO_q/?hl=en,katie,naomi,josette,n 
"25 April, 2024",https://www.instagram.com/p/C6MflWQy5uQ/?hl=en,josette,katie,naomi,n 
"15 May, 2024",https://www.instagram.com/p/C6_tVCjrFhd/?hl=en,na ,na ,na ,na
"18 May, 2024",https://www.instagram.com/p/C7Hd0Qmpl1h/?hl=en,na ,na ,na ,na
"19 May, 2024",https://www.instagram.com/p/C7KcQG8yE3D/?hl=en&img_index=3,josette,katie,naomi,n 
"19 May, 2024",https://www.instagram.com/p/C7KcQG8yE3D/?hl=en&img_index=2,naomi,katie,josette,y
"19 May, 2024",https://www.instagram.com/p/C7KcQG8yE3D/?hl=en&img_index=2,naomi,katie,josette,y
"19 May, 2024",https://www.instagram.com/p/C7KEq4PRAw6/?hl=en,naomi,katie,josette,y
"20 May, 2024",https://www.instagram.com/p/C7Mkeb2RZH8/?hl=en&img_index=2,naomi,katie,josette,y
"28 May, 2024",https://www.instagram.com/p/C7h4nQ6JCQ1/?hl=en,na ,na ,na ,na
"9 June, 2024",https://www.instagram.com/p/C8Ac-9BSC36/?hl=en&img_index=1,naomi,katie,josette,y
"14 June, 2024",https://www.instagram.com/p/C8NXVitph4o/?hl=en&img_index=1,na ,na ,na ,na
"22 June, 2024",https://www.instagram.com/p/C8hh_NxJGUA/?hl=en,na ,na ,na ,na
"24 June, 2024",https://www.instagram.com/p/C8msNxEJYIo/?hl=en&img_index=2 ,naomi,katie,josette,y